minsup,minsup_count,apriori_s,aprioriTid_s,fpgrowth_s,eclat_s,trihybrid_s,a3miner_s,n_itemsets_apriori,n_itemsets_fpgrowth,n_itemsets_eclat,n_itemsets_trihybrid,n_itemsets_a3miner,a3miner_engine,trihybrid_pairs_checked,trihybrid_freq_pairs,trihybrid_projections,trihybrid_fp_proj,trihybrid_eclat_proj
0.5,25,0.00012149999383836985,0.00022590000298805535,0.00018230000569019467,4.149999585933983e-05,5.2400006097741425e-05,7.020001066848636e-05,4,4,4,4,4,apriori,6,0,0,0,0
0.4,20,4.410000110510737e-05,0.000563599998713471,0.00012159999459981918,4.469999112188816e-05,5.3099996875971556e-05,4.1799998143687844e-05,4,4,4,4,4,eclat,6,0,0,0,0
0.3,15,9.500001033302397e-05,0.0004056999896420166,0.00023440000950358808,5.399998917710036e-05,0.00019230000907555223,6.500000017695129e-05,10,10,10,10,10,eclat,6,6,3,0,3
0.25,12,0.00013280000712256879,0.0003071999963140115,0.00013970000145491213,3.8300000596791506e-05,0.00011700000322889537,3.7999998312443495e-05,11,11,11,11,11,eclat,10,6,3,0,3
0.2,10,9.880001016426831e-05,0.0002393000031588599,0.00012020001304335892,3.340000694151968e-05,0.00011449999874457717,3.7900012102909386e-05,12,12,12,12,12,eclat,10,6,3,0,3
