minsup,minsup_count,apriori_s,aprioriTid_s,fpgrowth_s,eclat_s,trihybrid_s,a3miner_s,n_itemsets_apriori,n_itemsets_fpgrowth,n_itemsets_eclat,n_itemsets_trihybrid,n_itemsets_a3miner,a3miner_engine,trihybrid_pairs_checked,trihybrid_freq_pairs,trihybrid_projections,trihybrid_fp_proj,trihybrid_eclat_proj
0.5,25,0.0001624359999823355,0.0002975190000142902,0.00023642399992240826,7.509900001423375e-05,0.00010204199998042895,0.00021083800015730958,4,4,4,4,4,apriori,6,0,0,0,0
0.4,20,9.607000015421363e-05,0.0002614779998566519,0.00018935399998554203,6.2458999991577e-05,0.0001231979999829491,6.600999995498569e-05,4,4,4,4,4,eclat,6,0,0,0,0
0.3,15,0.00019562900001801609,0.0003879739999774756,0.00025635199995122093,6.94710001880594e-05,0.00032797900007608405,8.173099990926858e-05,10,10,10,10,10,eclat,6,6,3,0,3
0.25,12,0.00021640400018441142,0.0005431970000699948,0.00024592100021436636,6.563199985976098e-05,0.00024067499998636777,7.406300005641242e-05,11,11,11,11,11,eclat,10,6,3,0,3
0.2,10,0.0002414200000657729,0.0005617189999611583,0.0002628909999202733,6.378199987011612e-05,0.0002535009998609894,7.446800009347498e-05,12,12,12,12,12,eclat,10,6,3,0,3
